repr,n,time
Vertex Matrix,100,0.000150157
Incident Matrix,100,0.00175002
Incidence List,100,7.77617e-05
Edge List,100,0.00367314
Vertex Matrix,150,7.02321e-05
Incident Matrix,150,0.00568096
Incidence List,150,0.000139253
Edge List,150,0.0155873
Vertex Matrix,200,0.000122955
Incident Matrix,200,0.015518
Incidence List,200,0.000219266
